ID,First_Name,Last_Name,Email,Phone,Address,City,State,ZIP_Code,SSN,Date_of_Birth,Credit_Card,Bank_Account,Username,Password
1,Barbara,garcia,barbara.garcia@yahoo.com,508978216,556 Washington Ave.,BOSTON,MA,2112,387726868,28-07-1960,5571 7882 7561 2658,189264570,barbara653,kmXhZq50F8
2,William,rivera,william877@yahoo.com,560.141.1867,3202 7th Drive,San Antonio,TX,78015,889381098,23-12-1979,4411417020678976,784146207,william578,LUR7HHjU
3,MARIA,Green,maria862@company.com,141.558.0287,6614 Willow Lane,SEATTLE,WA,98039,628 918832,19-08-1991,9146-8952-5735-0861,78927113043,maria270,nY4TQUxs
4,Deborah,Scott,deborah@hotmail.com,154.417.0954,601 Hamilton Ave.,Austin,TX,78651,59101224,1970/2/26,5973259129293545,994016920,deborah734,trev2JA8
5,Donna,White,donnawhite@yahoo.com,(756) 998-2056,3510 3th St.,New York,NY,10002,262-276319,02-08-1943,9.20659669778308E+015,156955261,donna286,W69ZMRvfmW
,,,,,,,,,,,,,,
7,Donna,Anderson,donnaanderson@company.com,418-711-6078,2330 Garden St.,Chicago,IL,60609,,1999/12/5,8007-9013-1845-7705,225731136,donna241,m3ATExOO
8,Christopher,GONZALEZ,christopher.gonzalez@gmail.com,(647) 232-4452,9705 Sycamore Blvd.,Fort Worth,TX,76006,,05-02-1989,****-****-****-8540,849728064,christopher692,rw8BEuOd
9,Ronald,thompson,ronald@company.com,000.446.0258,9559 10th Lane,San Diego,CA,91911,863189785,12/12/1994,****-****-****-3313,769279178,ronald267,6Xnxe4W2
10,Anthony,thompson,anthony@hotmail.com,424.228.9720,7418 Valley Boulevard,charlotte,NC,28105,43118-7512,17-12-1993,2632-6436-8716-8359,225989334,anthony886,ui6jCfx8kCiv
11,MARIA,Davis,maria.davis@hotmail.com,668-213-6897,1285 Grant Boulevard,Columbus,OH,43004,503-816243,11/3/50,4089606155403363,111338082,maria670,2Vwia0PQ
12,Laura,Garcia,laura@,7966481731,9723 10th Ln.,Phoenix,AZ,85011,332-55611,1/29/02,4386567401663315,26061604988,laura202,yqgWfKth
13,Matthew,Flores,matthew@,9522293407,4108 Hamilton Lane,Chicago,IL,60106,,11/20/69,5632819358898281,269767744,matthew452,uIYlGeNJ
14,Matthew,White,matthew.white@company.com,796-516-4066,9924 Sycamore Rd.,Phoenix,AZ,85020,332-461640,12/13/1945,4101821088060989,221614891339,matthew365,VNP2icuF
15,Charles,GONZALEZ,charles555@gmail.com,723.391.6421,4921 Roosevelt Avenue,Philadelphia,PA,19105,792-799292,1940/2/10,5320669774205817,475793500,charles829,ZUelM3nR
16,William,Thomas,william.thomas@hotmail.com,532-526-5006,4616 Grant Drive,charlotte,NC,28105,408-64-3565,30-09-1991,5726802508313851,36952849940,williamthomas,rz0tPvmy
17,Christopher,walker,christopher@yahoo.com,(430) 688-2633,2531 47th Ln.,charlotte,NC,28206,,1965/10/5,6498-3883-6463-6780,616894742,christopher244,MwLprWqg
18,Lisa,JOHNSON,lisa.johnson@company.com,(815) 746-0042,8932 Cedar Lane,Indianapolis,IN,46207,682312418,12/27/63,2072966020881055,34227775,lisa853,YtLCkHCi
19,Elizabeth,lopez,elizabeth@,(641) 373-3105,6386 Westwood Ave.,Dallas,TX,75104,572196558,02/20/1995,2948-3845-7494-8184,427471414,elizabeth458,b3zkvyOk
20,Ruth,GONZALEZ,ruth@gmail.com,352-440-2120,5129 Westwood Ln.,Chicago,IL,60106,41334549,1996/8/1,XXXX-XXXX-XXXX-5015,28313850,ruth687,TWtu6gml
21,Donna,NELSON,donna@gmail.com,,6780 Madison Ave.,San Diego,CA,92025,,24-10-1958,XXXX-XXXX-XXXX-5923,704455701,donna607,zatpAsw1
22,Carol,MILLER,carol.miller@hotmail.com,327-992-1803,3454 Kennedy Blvd.,Naperville,IL,60565,482-46-9356,1/1/1986,9.59426264375792E+015,579611749,carol185,p2rllgnz
23,MARIA,Wilson,maria807@yahoo.com,974-264-9106,9484 Cedar Road,Columbus,OH,43125,276-25-1554,12/16/84,5391349479172521,681657740,mariawilson,SutfQ1q8
24,Ronald,adams,ronald.adams@company.com,9006918805,8456 11th Ave.,Philadelphia,PA,19135,199-59-4296,1977/3/25,****-****-****-9082,511582938,ronald545,xPVcylN0
,Kevin,Hall,kevin@,(191) 426-5773,2431 Liberty Ave.,Austin,TX,78651,728-26-2731,8/1/1998,7522591369381281,535857847,kevin534,AnaFs4kB
26,Donna,adams,donna241@hotmail.com,115-352-5967,5262 Pine Dr.,Jacksonville,FL,32034,,22-01-1943,1950108219367263,729494389,donna515,Lj7akpTP
27,robert,GOMEZ,robertgomez@company.com,258.393.4834,5340 Cedar Boulevard,denver,CO,80205,717-47-8581,9/10/94,****-****-****-2130,989343118,robert757,zBNDhwbN
28,Jennifer,Green,jennifer.green@yahoo.com,2527505259,3855 Locust Avenue,Jacksonville,FL,32034,77882-8089,1991/9/24,XXXX-XXXX-XXXX-6021,419524738,jennifer685,3Bl30bWT
29,Daniel,thompson,dthompson@gmail.com,978.151.4910,1369 Cedar Ave.,Philadelphia,PA,19128,652-97-7157,26-5-1955,4470252493673070,746422109,daniel237,GOnuXzVD
30,robert,walker,robertwalker@yahoo.com,(808) 219-5392,6961 Liberty Drive,BOSTON,MA,2116,-6843,1946/11/6,7387550355030615,825348605,robert461,FQKriuiav
31,Joseph,Rodriguez,joseph.rodriguez@yahoo.com,(297) 560-2213,9740 Maple Rd.,Phoenix,AZ,85003,878-934139,1989/1/7,XXXX-XXXX-XXXX-8239,821208477,joseph345,YoaQ9hdr
32,Paul,Rodriguez,prod@company.com,(542) 983-7867,8561 Broadway Blvd.,Philadelphia,PA,19128,,1976-02-28,****-****-****-1510,101022676,paul670,VPORa3mn
33,David,CLARK,david.clark@hotmail.com,(657) 215-2195,5440 Washington Avenue,Cincinnati,OH,45201,142-11-4264,1964/8/30,XXXX-XXXX-XXXX-2212,365850755,david7,REDACTED
34,Jessica,Carter,jessicacarter@yahoo.com,9004144520,5139 Valley Ln.,Miami,FL,33133,272-9-2965,6/18/1960,9558 7945 1429 6463,668327894,jessica536,GK98hq3r
35,Linda,martinez,linda.martinez@company.com,819.390.5288,7093 Riverside Rd.,San Jose,CA,95008,794-46-9030,7/6/84,5512199849121876,286627529374,linda508,wkWN29vG
,,,,,,,,,,,,,,
37,Charles,CLARK,charlesclark@hotmail.com,701.897.2271,5523 7th Ln.,Tucson,AZ,85710,362-47-27760,11-03-1989,4302276539912992,640628855,charles827,5kbFb6inuNWc
38,Sandra,Harris,sandra261@hotmail.com,(269) 182-9153,2650 Main Rd.,San Antonio,TX,78023,456-28-3706,1952-07-04,****-****-****-6590,120039526,sandra131,3kgsnG58
39,Charles,Jones,charles.j@yahoo.com,(584) 391-1729,3893 Easton Drive,Austin,TX,78712,757737318,1/28/55,XXXX-XXXX-XXXX-7454,817073471,charles275,********
40,Laura,Sanchez,laura.sanchez@gmail.com,(267) 897-1464,3095 Kennedy St.,Austin,TX,73301,227939155,26-05-1979,XXXX-XXXX-XXXX-7279,353908449,laura750,********
41,Susan,williams,susan444@yahoo.com,8412352862,1767 Willow Ln.,Memphis,TN,38108,,1954-12-17,XXXX-XXXX-XXXX-4038,322572267,susanwilliams,uMstVa5K
42,MARIA,king,,714-323-9060,1082 Maple Ln.,BOSTON,MA,2127,801-601208,1959/7/30,4662684699112331,930077334,maria522,RfDbXbiP
43,Joseph,Thomas,joseph.thomas@company.com,421-167-9678,2090 Monroe Ln.,Richmond,VA,23226,515-647537,21-08-1990,0128 7652 9962 8607,613762657,joseph404,F9iyUO98
44,Joseph,martinez,joseph.martinez@yahoo.com,(638) 407-9010,5611 Jackson Drive,Madison,WI,53706,938529208,1964-08-15,4646069452222272,320531829,joseph460,Dss73671
45,Christopher,Davis,christopher.davis@hotmail.com,442.540.9891,4388 Franklin Drive,SEATTLE,WA,98114,378-962001,1976-08-09,4256885553486614,374476526,christopher96,gBqRw5eS
46,Michelle,lopez,michelle@yahoo.com,(463) 454-7689,990 Roosevelt Ln.,Houston,TX,77012,252-32-7187,1944-04-05,0788 9121 4244 6412,287645560,michellelopez,R0QMmIOa
,,,,,,,,,,,,,,
48,sarah,Green,green.sarah@company.com,437-748-3273,7194 Spruce Lane,Los Angeles,CA,90010,770-63-8681,08-12-1947,XXXX-XXXX-XXXX-7156,573226597,sarahgreen,qgvEemQ9
49,Dorothy,Scott,dscott@,(240) 440-3462,4456 Franklin Road,Nashville,TN,37135,35618-6418,20-12-1955,3257176710317913,257605324,dorothy379,kT5jHRPf
50,Helen,Allen,helallen@company.com,(881) 500-4954,7619 Kennedy Drive,San Francisco,CA,94108,,9/13/1977,5640-0780-7071-9203,1970348,helen82,PsnUlcww
